epoch,train_loss,val_loss,train_error1,val_error1,train_error5,val_error5
1,1.8352092231326633,1.6749454372406005,67.17777777981229,63.04,16.23777777777778,11.180000000000007
2,1.509182567448086,1.4437052858352661,54.668888894314236,51.06,8.88666666666667,8.079999999999998
3,1.3110804158316718,1.2841635135650635,47.19333333468967,45.88,5.9800000081380205,6.099999999999994
4,1.1735776041666666,1.2244195888519287,41.99111111789279,42.88,4.6311111178928,5.560000000000002
5,1.0746119274457295,1.1078006960868836,38.12888889702691,40.0,3.808888897026904,3.739999999999995
6,0.987199981657664,1.0118129530906677,34.89333333740234,36.02,3.0644444444444474,3.0999999999999943
7,0.9241955001513164,0.946238982963562,32.46888889295789,33.81999999999999,2.695555565049915,2.780000000000001
8,0.8732231389257643,0.98627232837677,30.57555555962456,33.92,2.3533333346896654,3.480000000000004
9,0.8273519997914632,0.9100370594024658,29.1644444539388,32.42,1.9822222290039093,2.700000000000003
10,0.7977470440864562,0.897151840877533,28.13777778862847,32.22,1.922222223578558,2.6599999999999966
11,0.7651750535541111,0.8005674252510071,26.90444444444445,28.620000000000005,1.7511111192491313,2.0999999999999943
12,0.7351192035463121,0.799822666835785,25.828888895670573,28.540000000000006,1.5622222235785586,2.200000000000003
13,0.7103435036129422,0.811120209980011,25.18000000542534,28.78,1.4622222290039133,1.8799999999999955
14,0.686797653971778,0.7174552907943725,24.162222230360243,25.0,1.4088888956705716,1.6200000000000045
15,0.6635380697462294,0.7012098691940307,23.382222227647574,24.540000000000006,1.326666666666668,1.4200000000000017
16,0.6454376221126981,0.7079961080074311,22.495555562337245,24.86,1.1377777845594608,1.5
17,0.6225567442152236,0.6554377983570099,21.562222226291226,23.28,1.1733333401150219,1.2800000000000011
18,0.60998865281211,0.6821785070419312,21.337777777777774,23.659999999999997,1.0822222290039036,1.3400000000000034
19,0.591267200978597,0.6585105935096741,20.688888888888883,22.540000000000006,0.973333340115019,1.0999999999999943
20,0.5856100656138526,0.65823942527771,20.59333334147135,22.799999999999997,0.8755555555555503,1.0600000000000023
21,0.559495138835907,0.6483744255065917,19.38444444986979,22.620000000000005,0.8466666680230048,1.1599999999999966
22,0.559864036740197,0.6190612370967865,19.626666669379347,22.08,0.8377777777777737,1.0400000000000063
23,0.5392496919631958,0.6097483978748321,18.826666673448344,21.519999999999996,0.7844444444444463,1.0400000000000063
24,0.5282422882715861,0.6211401146411896,18.44444445529514,21.64,0.75555555555556,1.2600000000000051
25,0.5224983556270599,0.589421933889389,18.433333340115013,20.86,0.6955555555555577,0.8799999999999955
26,0.5096309836175706,0.5861618832588196,17.922222229003907,20.620000000000005,0.7000000000000028,0.8400000000000034
27,0.505416054227617,0.6182200558662414,17.604444453938797,21.459999999999994,0.6911111111111126,1.2800000000000011
28,0.49410999859703914,0.5531027724266052,17.20888889567057,19.5,0.6600000013563374,0.7000000000000028
29,0.4892630175696479,0.6041692049264907,17.18222223307292,20.959999999999994,0.6222222290039099,1.2000000000000028
30,0.48271433145735,0.600352211022377,16.908888890245223,21.040000000000006,0.5733333333333377,1.2000000000000028
31,0.47261436201201545,0.5807358451843262,16.557777784559462,20.08,0.5888888956705784,0.980000000000004
32,0.4679835128678216,0.5317331677436828,16.500000008138016,18.78,0.5466666666666669,1.019999999999996
33,0.4570258306291368,0.5678517734050751,16.004444445800786,19.900000000000006,0.5400000000000063,0.7800000000000011
34,0.45265603080325656,0.5362717982769012,15.997777777777785,18.680000000000007,0.5377777777777766,0.8199999999999932
35,0.44601940110524496,0.569085608124733,15.540000002712674,19.939999999999998,0.49777777777778454,0.8400000000000034
36,0.43883195612165665,0.5584325824618339,15.417777779134113,19.42,0.448888888888888,0.9399999999999977
37,0.43932819283803304,0.5386584505081177,15.431111113823789,18.439999999999998,0.5,0.8199999999999932
38,0.4332302178117964,0.5657429365038872,15.304444452582459,19.840000000000003,0.49777777777778454,0.7999999999999972
39,0.4289756101184421,0.5671396589875222,14.975555562337235,19.560000000000002,0.4777777777777743,0.8799999999999955
40,0.41837574401431615,0.5409454989910125,14.644444444444446,18.340000000000003,0.4066666666666663,0.7399999999999949
41,0.417526504723231,0.5743296667575836,14.851111119249126,19.92,0.40222222222222115,0.7399999999999949
42,0.4115775987042321,0.5454544024467468,14.415555558268224,18.840000000000003,0.38666666666667027,0.7000000000000028
43,0.4111149061097039,0.5189146467447281,14.451111115180126,17.739999999999995,0.38666666666667027,0.9599999999999937
44,0.4050855720890893,0.6027008199691772,14.264444455295134,20.599999999999994,0.3844444444444406,1.0799999999999983
45,0.4013876096566518,0.5395016110658646,14.23333334147135,18.659999999999997,0.35555556233724417,0.9200000000000017
46,0.39311538134151036,0.5583356267988682,13.819999999999993,19.340000000000003,0.36444444444444457,0.9000000000000057
47,0.3950480989668104,0.5602420229196549,13.91111112196181,19.319999999999993,0.37111111789279505,1.0799999999999983
48,0.3864690578407711,0.5113755571961403,13.64666667209201,18.299999999999997,0.33555556233723394,0.8199999999999932
49,0.3772943708737691,0.5607703295528889,13.311111120605474,19.480000000000004,0.35333333333333883,0.7800000000000011
50,0.37944618473052977,0.5130294362664223,13.297777777777782,17.980000000000004,0.3755555555555503,0.9000000000000057
51,0.37533119458622405,0.5299352928161621,12.895555562337236,18.260000000000005,0.3199999999999932,0.6599999999999966
52,0.36466829108132254,0.49274173984527586,12.924444445800788,16.939999999999998,0.275555555555556,0.5799999999999983
53,0.36767476396560667,0.5243283338069916,12.924444451226123,17.5,0.2911111111111069,0.7399999999999949
54,0.36507413438691033,0.49670249705314634,13.037777780490458,17.22,0.24222222222222456,0.6200000000000045
55,0.3637496893088023,0.515758874797821,12.782222226291239,17.86,0.27111111111111086,0.9399999999999977
56,0.35434040502972075,0.5383222007393837,12.475555560980908,18.42,0.27111111111111086,0.8799999999999955
57,0.3568100471496582,0.48627102903425695,12.548888890245223,16.620000000000005,0.24222222222222456,0.8199999999999932
58,0.3496131358040704,0.554918439745903,12.224444448513452,18.959999999999994,0.25777777777777544,0.6800000000000068
59,0.3438751794603136,0.5296718942642212,12.144444449869795,17.099999999999994,0.2466666666666697,0.9399999999999977
60,0.34598898072772555,0.5229114826321601,12.111111113823782,17.680000000000007,0.22222222222222854,0.7999999999999972
61,0.3410286482810974,0.5193335320472717,12.260000005425354,17.439999999999998,0.20888888888889312,1.0
62,0.33742315159638725,0.5057952084541321,12.048888891601564,16.900000000000006,0.2600000000000051,0.7399999999999949
63,0.33838648899926077,0.5007292359471321,11.842222229003909,16.760000000000005,0.2666666666666657,0.8199999999999932
64,0.33593521996074255,0.47644971237182615,11.768888892957904,15.920000000000002,0.25555555555556,0.5
65,0.32972090747621324,0.5118097295999527,11.68444444851346,17.78,0.2155555623372436,0.7199999999999989
66,0.3268631084283193,0.5313641343593597,11.504444448513453,17.480000000000004,0.224444444444444,1.0
67,0.3261310683992174,0.5183203060388565,11.466666674804685,17.019999999999996,0.21777778455945906,0.7800000000000011
68,0.323029248213768,0.5297451600551605,11.357777787272141,17.659999999999997,0.20888888888889312,0.8199999999999932
69,0.3212246574189928,0.49735847734808925,11.21555556369357,16.900000000000006,0.22222222222222854,0.7000000000000028
70,0.31669566176732383,0.5106340140700341,11.220000005425348,17.379999999999995,0.20666666666666345,0.7399999999999949
71,0.3195374388800727,0.4913714002132416,11.500000004069008,16.879999999999995,0.1888888888888829,0.5799999999999983
72,0.3110634578069051,0.4953593038082123,10.895555563693577,16.659999999999997,0.19333333333332803,0.6200000000000045
73,0.307794820690155,0.5234899411678314,10.951111111111118,16.620000000000005,0.20222222900390818,0.7999999999999972
74,0.30707701812320287,0.505241453525424,10.995555555555555,16.879999999999995,0.15555555555555145,0.6800000000000068
75,0.30236204596095617,0.5031700223326683,10.686666669379335,16.659999999999997,0.18444444444443775,0.8599999999999994
76,0.30294545985062915,0.4873133249759674,10.82222222493489,16.459999999999994,0.2022222222222183,0.7800000000000011
77,0.2987705267323388,0.5012426568448544,10.602222223578565,16.64,0.15555555555555145,0.8199999999999932
78,0.2989204874250624,0.5132322896242142,10.44666666937934,16.680000000000007,0.16222222222222626,0.8799999999999955
79,0.2960256408823861,0.5181768238246441,10.46222223036024,16.659999999999997,0.19555556233723337,0.8199999999999932
80,0.29548235071500145,0.5263912785947323,10.50888889431424,17.14,0.13333333333333997,0.980000000000004
81,0.2883338702413771,0.5366444392859936,10.151111119249137,17.400000000000006,0.14888888888889085,0.9399999999999977
82,0.2880241151491801,0.5066610597908496,10.235555566406248,16.400000000000006,0.1666666666666714,0.8400000000000034
83,0.28569548443158466,0.49664731273651125,10.217777788628467,15.519999999999996,0.12666666666666515,0.7600000000000051
84,0.28253441994984946,0.4871270617216826,10.073333334689664,16.659999999999997,0.1444444444444457,0.5600000000000023
85,0.2859572047260073,0.502099365735054,10.117777779134116,16.379999999999995,0.1599999999999966,0.8599999999999994
86,0.27879042961332534,0.4890963018298149,9.846666672092013,16.08,0.1511111111111063,0.6400000000000006
87,0.2801204329119788,0.5065748806357384,9.911111111111111,16.400000000000006,0.15555555555555145,0.6800000000000068
88,0.2814263815641403,0.5015284711956978,10.042222231716579,16.64,0.1088888888888846,0.8599999999999994
89,0.2748044685045878,0.5137247658729553,9.860000005425348,16.5,0.13777778455946077,0.8400000000000034
90,0.2734772219551934,0.5201050847053528,9.735555560980899,17.540000000000006,0.14888888888889085,0.8199999999999932
91,0.27011633211771646,0.5093027027845383,9.67333333740234,17.08,0.11555555555555941,0.7600000000000051
92,0.272031090953615,0.4657048018962145,9.848888898383251,15.700000000000003,0.12222222222222001,0.6800000000000068
93,0.27138470595147873,0.47350970621109006,9.673333336046014,15.700000000000003,0.12444444444444969,0.6200000000000045
94,0.2687790086693234,0.4904735130041838,9.653333340115012,16.099999999999994,0.08000000678168817,0.6800000000000068
95,0.26577153889867994,0.5078067296534776,9.3755555609809,17.060000000000002,0.08444444444444343,0.6400000000000006
96,0.26639497369130455,0.5016373361527919,9.504444448513453,16.299999999999997,0.12444444444444969,0.7999999999999972
97,0.26514960934585996,0.4796630182594061,9.371111115180128,15.900000000000006,0.12444444444444969,0.6400000000000006
98,0.25520104235013324,0.48005022975504397,9.088888895670578,16.340000000000003,0.1088888888888846,0.5
99,0.26423212741745844,0.5251712594330311,9.404444455295135,17.040000000000006,0.11111111111111427,0.9200000000000017
100,0.2575895413769616,0.4804622645556927,9.228888892957897,15.840000000000003,0.10444444444443945,0.6599999999999966
101,0.26114096532927616,0.4854486034214497,9.331111116536462,15.579999999999998,0.10444444444443945,0.5799999999999983
102,0.25182355512513055,0.5115781596660613,8.964444444444439,16.620000000000005,0.06888888888889255,0.7000000000000028
103,0.2516711144765218,0.4876094348222017,9.0155555609809,15.840000000000003,0.10222222222222399,0.7800000000000011
104,0.256499215804206,0.48959705811440946,9.091111117892794,15.799999999999997,0.08888888888888857,0.6800000000000068
105,0.25034221125973594,0.5012974160671234,9.040000005425341,16.019999999999996,0.09555555555554918,0.9000000000000057
106,0.25171887162526446,0.5115272577703,9.095555566406247,16.599999999999994,0.09777777777777885,0.5600000000000023
107,0.24661322801907856,0.484635750451684,8.948888892957896,15.36,0.11777777777777487,0.6800000000000068
108,0.24570273264514075,0.4726598247528076,8.844444447157116,14.700000000000003,0.08222222222222797,0.6599999999999966
109,0.24288341754277548,0.4619808019340038,8.662222222222226,15.019999999999996,0.06666666666666288,0.6800000000000068
110,0.24017016293737622,0.5263622412875295,8.557777785915803,16.700000000000003,0.09111111111110404,0.980000000000004
111,0.23617328164842394,0.5020132993400097,8.435555558268234,15.959999999999994,0.07777777777778283,0.7399999999999949
112,0.23551967394616868,0.4927066809386015,8.422222224934899,15.819999999999993,0.0799999999999983,0.5799999999999983
113,0.23909963991641997,0.4867403309106827,8.59333334147135,16.260000000000005,0.07777777777778283,0.8199999999999932
114,0.2313089153342777,0.4782460917830467,8.29555556640625,15.219999999999999,0.06222222222221774,0.6200000000000045
115,0.23627846859561072,0.48986359071731567,8.57777778727214,15.36,0.09333333333333371,0.6800000000000068
116,0.23653170664045545,0.48622871472239493,8.455555562337238,15.280000000000001,0.08888888888888857,0.7000000000000028
117,0.2318716254658169,0.5042659598648548,8.28000000542535,16.459999999999994,0.08444444444444343,0.480000000000004
118,0.2338692264119784,0.47244352860450745,8.293333341471353,15.480000000000004,0.07777777777778283,0.6400000000000006
119,0.22912587388356526,0.485434405182302,8.246666670735678,15.959999999999994,0.060000000000002274,0.7199999999999989
120,0.2301955243428548,0.5353433463931083,8.266666670735674,16.599999999999994,0.06222222222221774,0.6400000000000006
121,0.2379511548254225,0.5111687361955642,8.508888892957899,15.719999999999999,0.08666666666667311,0.7600000000000051
122,0.22440303003523085,0.4854106940448284,7.92666667751736,15.459999999999994,0.07333333333333769,0.6800000000000068
123,0.22130943960613675,0.5278560976982116,8.053333341471358,16.14,0.060000000000002274,0.9200000000000017
124,0.22116751777331034,0.483027060020715,7.931111119249138,15.900000000000006,0.06888888888889255,0.5400000000000063
125,0.22195928897327846,0.49161143847703936,7.948888895670578,15.680000000000007,0.0577777777777726,0.6599999999999966
126,0.22113998062345716,0.5010914808094501,8.017777781846789,16.180000000000007,0.0555555623372328,0.6800000000000068
127,0.21700715527004666,0.48678356390893457,7.780000009494358,15.36,0.060000000000002274,0.6400000000000006
128,0.21725713636742697,0.49064000608325004,7.791111119249138,15.560000000000002,0.05333333333332746,0.6200000000000045
129,0.21310201014412775,0.5016915244340897,7.593333342827691,16.22,0.06222222222221774,0.8599999999999994
130,0.21698954212400648,0.4813911081314087,7.755555565049917,15.219999999999999,0.07111111111110802,0.8599999999999994
131,0.21271707974539864,0.4636110785484314,7.593333333333334,14.780000000000001,0.08444444444444343,0.7000000000000028
132,0.21333725432554881,0.49586176559925077,7.5755555650499105,16.14,0.060000000000002274,0.6200000000000045
133,0.21079781680636936,0.5026889709472656,7.511111121961804,15.920000000000002,0.0577777777777726,0.5400000000000063
134,0.20841438080734676,0.5534333253860474,7.528888891601568,17.340000000000003,0.055555555555557135,0.7399999999999949
135,0.21007709464497037,0.4882196154117584,7.546666677517365,15.459999999999994,0.055555555555557135,0.6200000000000045
136,0.20399613690906102,0.5265861567914486,7.371111111111105,17.019999999999996,0.0488888956705722,0.6400000000000006
137,0.20606888546943664,0.47782369829416277,7.460000005425343,15.439999999999998,0.051111111111111995,0.6400000000000006
138,0.20251611224545374,0.4933560640096664,7.275555565049913,15.120000000000005,0.06888888888889255,0.7399999999999949
139,0.20361962317095864,0.49922154640108346,7.211111120605466,14.879999999999995,0.046666666666666856,0.8400000000000034
140,0.201274038333363,0.4737137395620346,7.282222233072915,15.400000000000006,0.03777777777777658,0.6200000000000045
141,0.2051890464226405,0.4958896393895149,7.277777787272129,15.920000000000002,0.06444444444444741,0.6200000000000045
142,0.19770904043515522,0.4833625244110823,7.057777780490454,15.219999999999999,0.0577777777777726,0.5999999999999943
143,0.1945756253189511,0.49482400778532026,7.05333333740235,15.120000000000005,0.03777777777777658,0.9200000000000017
144,0.19556709260410732,0.4841889936193824,6.980000009494361,15.14,0.04222222222222172,0.7600000000000051
145,0.19506571475929685,0.5266818845033646,6.984444453938806,16.239999999999995,0.0577777777777726,0.7199999999999989
146,0.19806581286854213,0.4716319780331105,7.066666674804694,14.879999999999995,0.04444444444445139,0.9399999999999977
147,0.195227495792177,0.5767780209064484,7.051111120605469,17.739999999999995,0.04222222222222172,0.7800000000000011
148,0.19580343917475806,0.4924908678233624,6.933333334689664,15.599999999999994,0.06444444444444741,0.6800000000000068
149,0.1918100707054138,0.5042162887334823,6.822222226291231,16.0,0.051111111111111995,0.6800000000000068
150,0.19442952983114453,0.5231520460128785,6.94666667616103,15.86,0.051111111111111995,0.8199999999999932
151,0.1946396562072966,0.49566414737552406,6.906666669379334,15.36,0.055555555555557135,0.8199999999999932
152,0.18639493910736507,0.519774306678772,6.637777788628469,16.239999999999995,0.046666666666666856,0.6200000000000045
153,0.18623941424952614,0.5096387574195862,6.633333344184024,15.900000000000006,0.04888888888888232,0.6400000000000006
154,0.18891354709996117,0.4968400899803266,6.728888892957897,15.219999999999999,0.04666667344835673,0.6200000000000045
155,0.18322156044377222,0.4958822052329779,6.6022222303602405,15.280000000000001,0.03777777777777658,0.8799999999999955
156,0.18613603191110822,0.45281612644195557,6.593333342827691,14.040000000000006,0.035555555555561114,0.480000000000004
157,0.1808287244134479,0.5405737562179566,6.495555559624563,16.180000000000007,0.035555555555561114,0.9599999999999937
158,0.18202498994403415,0.5389393262535334,6.5911111151801265,16.340000000000003,0.031111111111115974,0.7600000000000051
159,0.18177193483776516,0.4880377770245075,6.491111121961808,15.060000000000002,0.04444444444445139,0.5400000000000063
160,0.1807929455916087,0.5393202659845352,6.300000002712679,16.78,0.04888888888888232,0.6200000000000045
161,0.1816001135216819,0.5154113334417343,6.462222231716581,15.900000000000006,0.02444444444444116,0.7000000000000028
162,0.1805159353017807,0.4967681434109807,6.528888890245227,15.239999999999995,0.04222222222222172,0.6800000000000068
163,0.17591649742126464,0.5033152301430702,6.335555556911899,14.959999999999994,0.031111111111115974,0.5999999999999943
164,0.1845174173116684,0.5018806474730373,6.608888891601566,15.120000000000005,0.035555555555561114,0.7199999999999989
165,0.17884618724452125,0.4932037593841553,6.242222224934892,14.64,0.04888888888888232,0.7399999999999949
166,0.17197275267971887,0.46715694817006587,6.348888898383251,14.579999999999998,0.026666666666670835,0.6599999999999966
167,0.17324860843287573,0.5366614144578576,6.175555563693578,15.780000000000001,0.031111111111115974,0.8400000000000034
168,0.172127594227261,0.5005119819521904,6.12888889431423,15.180000000000007,0.03333333333333144,0.7600000000000051
169,0.17194506424268086,0.4937103291749954,6.126666670735673,14.560000000000002,0.03333333333333144,0.5999999999999943
170,0.166552543551392,0.490890348752588,5.960000001356335,14.480000000000004,0.03777777777777658,0.7399999999999949
171,0.16924087163209914,0.5050517319604755,6.075555555555553,14.980000000000004,0.04222222222222172,0.7999999999999972
172,0.16711620916790432,0.4902838437039405,6.011111119249136,14.760000000000005,0.01999999999999602,0.7199999999999989
173,0.17248120289113786,0.5299331226348877,6.151111121961804,15.36,0.03777777777777658,0.7399999999999949
174,0.1645517589039273,0.4929555354833603,5.906666669379334,14.340000000000003,0.02444444444444116,0.7800000000000011
175,0.16638362866507636,0.507396975056827,6.040000005425341,14.700000000000003,0.03333333333333144,0.9000000000000057
176,0.16353848737478255,0.4963452249720693,5.764444452582467,15.099999999999994,0.01999999999999602,0.6599999999999966
177,0.1645583503988054,0.48556617368459704,5.9133333360460085,14.739999999999995,0.01999999999999602,0.37999999999999545
178,0.16192205813593336,0.512486143733561,5.748888891601567,15.700000000000003,0.017777777777780557,0.480000000000004
179,0.16115289272202385,0.5375849042415619,5.773333336046008,15.459999999999994,0.03333333333333144,0.8599999999999994
180,0.16027401637501187,0.5030152337536216,5.686666670735676,14.879999999999995,0.02444444444444116,0.6200000000000045
181,0.16188764237827724,0.5273112401992083,5.884444444444441,15.260000000000005,0.0288888888888863,0.6800000000000068
182,0.15457079498105578,0.49056298849582675,5.551111113823779,14.760000000000005,0.026666666666670835,0.6200000000000045
183,0.15722496038542855,0.534205430060625,5.57555556369357,15.340000000000003,0.022222222222225696,0.7399999999999949
184,0.15434783875677321,0.5215997928977013,5.617777783203124,15.280000000000001,0.03333333333333144,0.6599999999999966
185,0.15316315628157723,0.510401747071743,5.535555556911888,15.36,0.02444444444444116,0.6200000000000045
186,0.15193497534857855,0.5209796569600701,5.460000005425343,15.019999999999996,0.0288888888888863,0.5799999999999983
187,0.15191728326744502,0.5266549457043409,5.502222230360246,15.540000000000006,0.026666666666670835,0.5
188,0.1543515435801612,0.505124496165663,5.540000001356333,14.519999999999996,0.011111111111105743,0.7000000000000028
189,0.16272281423144871,0.5012945888847112,5.871111121961803,15.120000000000005,0.0288888888888863,0.5799999999999983
190,0.15056551699638368,0.5108889278590679,5.413333344184025,15.14,0.024444451226131036,0.8599999999999994
191,0.14997090194225313,0.5093199521139264,5.308888890245228,15.14,0.022222222222225696,0.519999999999996
192,0.14804682489501106,0.5005641095802188,5.300000004069005,14.86,0.024444451226131036,0.5799999999999983
193,0.15042000429630278,0.5083575481951237,5.486666669379346,15.040000000000006,0.026666666666670835,0.5999999999999943
194,0.14457739599545796,0.4919258422166109,5.2377777886284775,14.64,0.02444444444444116,0.7199999999999989
195,0.14625607173310387,0.5198021678209305,5.202222223578559,14.599999999999994,0.0288888888888863,0.6400000000000006
196,0.14370233808755875,0.5656035010308027,5.1288888956705705,16.14,0.011111111111105743,0.7399999999999949
197,0.14866469660401344,0.5293730624347925,5.437777777777782,15.599999999999994,0.03333333333333144,0.7199999999999989
198,0.14273245634502835,0.5102578437745571,5.16444444851345,14.540000000000006,0.017777777777780557,0.5799999999999983
199,0.1437436212327745,0.5128950939655303,5.124444453938807,14.780000000000001,0.008888888888890278,0.6800000000000068
200,0.14163702093495262,0.515774821543321,5.048888892957905,15.239999999999995,0.02444444444444116,0.7600000000000051
201,0.13980451497104432,0.5139870436295867,5.07111111382379,14.700000000000003,0.011111111111105743,0.7399999999999949
202,0.14259632573657566,0.4923518865942955,5.080000009494356,14.340000000000003,0.01999999999999602,0.5600000000000023
203,0.14095032016966078,0.5130314964147284,5.106666676161026,14.659999999999997,0.022222222222225696,0.5600000000000023
204,0.14306578401989406,0.5390310853928327,5.075555558268235,15.180000000000007,0.035555555555561114,0.8599999999999994
205,0.13517615050209894,0.5239297875404358,4.857777781846792,15.019999999999996,0.02444444444444116,0.6800000000000068
206,0.13266653374301063,0.5088758306417615,4.664444447157123,14.239999999999995,0.013333333333335418,0.5400000000000063
207,0.1371358063671324,0.5210527826637029,4.966666676161026,14.659999999999997,0.03333333333333144,0.7000000000000028
208,0.13569540346993342,0.48783045749664306,4.817777780490445,13.920000000000002,0.022222222222225696,0.45999999999999375
209,0.1334287548383077,0.51477266459167,4.7644444539388076,14.700000000000003,0.01999999999999602,0.6800000000000068
210,0.13223079799016316,0.5093258231326938,4.804444445800783,15.120000000000005,0.008888888888890278,0.5999999999999943
211,0.13388835198614332,0.5185647355496883,4.873333336046002,14.719999999999999,0.022222222222225696,0.7000000000000028
212,0.1331404672516717,0.5505158175677061,4.726666677517358,15.079999999999998,0.024444451226131036,0.6400000000000006
213,0.13075869569513532,0.5147812632262707,4.6333333414713564,14.36,0.015555555555550882,0.7800000000000011
214,0.12710230521096125,0.5377777694106102,4.593333337402342,15.159999999999997,0.01999999999999602,0.7800000000000011
215,0.13256695654657152,0.5017962774515152,4.713333342827696,14.420000000000002,0.013333333333335418,0.7399999999999949
216,0.12804728814760843,0.505749055787921,4.446666673448348,14.620000000000005,0.008888888888890278,0.5999999999999943
217,0.1271743417872323,0.5568420641511679,4.542222224934889,15.64,0.013333333333335418,1.0400000000000063
218,0.12302893539799584,0.5046540938854217,4.408888892957904,13.920000000000002,0.015555555555550882,0.6800000000000068
219,0.1267064334101147,0.5371074228525162,4.624444453938807,15.180000000000007,0.017777777777780557,0.5
220,0.12754068145751954,0.5305079458124936,4.524444452582472,14.540000000000006,0.015555555555550882,0.5400000000000063
221,0.12567172883881464,0.5489123168095946,4.486666669379346,15.5,0.011111111111105743,0.7399999999999949
222,0.1209517978866895,0.5393453205287456,4.311111112467444,14.86,0.006666666666660603,0.6800000000000068
223,0.11942903867297702,0.5317467965140938,4.233333336046002,15.060000000000002,0.008888888888890278,0.8799999999999955
224,0.12067102617687649,0.5313354563891888,4.286666674804692,15.239999999999995,0.011111111111105743,0.5400000000000063
225,0.12105112244553036,0.5280866796731949,4.364444445800785,14.099999999999994,0.017777784559456222,0.6400000000000006
226,0.11845874169667561,0.5838289541184902,4.193333340115018,15.079999999999998,0.011111111111105743,1.019999999999996
227,0.11397251387569639,0.5243678029984236,3.942222224934895,14.480000000000004,0.013333333333335418,0.6400000000000006
228,0.11572686288356782,0.562629736403469,4.160000004069005,15.840000000000003,0.006666666666660603,0.7600000000000051
229,0.11586706241501703,0.5126135874211788,4.135555558268223,14.579999999999998,0.008888888888890278,0.5999999999999943
230,0.11816705300013225,0.46990852717012166,4.19333333604601,13.519999999999996,0.01999999999999602,0.5999999999999943
231,0.11828245755566491,0.5285479893326759,4.188888897026914,14.439999999999998,0.013333333333335418,0.7000000000000028
232,0.11928977806038327,0.5210916484832764,4.255555562337236,14.420000000000002,0.006666666666660603,0.8599999999999994
233,0.11494467854499817,0.535053626537323,4.133333342827697,14.819999999999993,0.002222222222215464,0.7199999999999989
234,0.11280701317257351,0.5241683437943458,4.086666672092008,14.560000000000002,0.015555555555550882,0.7800000000000011
235,0.11778209243880378,0.5384044931588694,4.204444455295132,14.260000000000005,0.013333333333335418,0.7999999999999972
236,0.11063684322039287,0.5171297398507595,3.971111120605471,14.739999999999995,0.006666666666660603,0.6800000000000068
237,0.11074937209553189,0.4966083737015724,4.020000004069004,14.420000000000002,0.004444444444445139,0.8199999999999932
238,0.11073639482392206,0.48762867522239683,3.9422222330729113,14.019999999999996,0.006666666666660603,0.5600000000000023
239,0.10717841107845306,0.5354043067112565,3.868888891601557,14.620000000000005,0.006666666666660603,0.5999999999999943
240,0.11179789600107405,0.5101159380018712,3.9555555582682302,14.079999999999998,0.013333333333335418,0.6200000000000045
241,0.10483089958760473,0.5073815330278129,3.708888895670569,13.939999999999998,0.006666666666660603,0.6400000000000006
242,0.11068363012737698,0.4920658434979618,4.000000009494357,14.379999999999995,0.008888888888890278,0.6200000000000045
243,0.10788889008627997,0.5079078375026583,3.8600000067816893,13.760000000000005,0.008888888888890278,0.5799999999999983
244,0.10067101832760705,0.5501897251129151,3.537777785915793,14.540000000000006,0.006666666666660603,0.8199999999999932
245,0.10045502232180702,0.5107974358350038,3.5800000040690065,13.219999999999999,0.004444444444445139,0.5799999999999983
246,0.10577720022996266,0.5186236098349094,3.8600000040690077,14.14,0.004444444444445139,0.7199999999999989
247,0.10380821908844842,0.5249555290810763,3.762222226291229,14.420000000000002,0.011111111111105743,0.519999999999996
248,0.10317549861801995,0.5062927431821823,3.700000000000003,13.540000000000006,0.006666666666660603,0.5999999999999943
249,0.10294100539419386,0.48715794905349613,3.7133333428276956,13.840000000000003,0.006666666666660603,0.5400000000000063
250,0.10093242284721798,0.5293440732240677,3.6244444512261254,14.480000000000004,0.011111111111105743,0.7399999999999949
251,0.0938614543331994,0.5423814626097679,3.3511111206054665,14.439999999999998,0.011111111111105743,0.7600000000000051
252,0.09922814701398214,0.5500659249559045,3.4377777859157987,14.260000000000005,0.008888888888890278,0.480000000000004
253,0.09682570718129475,0.5429407528042793,3.40222222764757,14.840000000000003,0.011111111111105743,0.7800000000000011
254,0.09724583829508887,0.5492073988676072,3.391111119249132,14.579999999999998,0.002222222222215464,0.6800000000000068
255,0.09691795790990193,0.5436464542001486,3.4200000013563425,14.920000000000002,0.0,0.6400000000000006
256,0.09740799884531233,0.507066008913517,3.5511111206054693,13.980000000000004,0.01999999999999602,0.519999999999996
257,0.09335906013912625,0.5611182957410812,3.3244444485134608,14.36,0.006666666666660603,0.8400000000000034
258,0.09861058421267403,0.5312311893481761,3.5066666734483505,14.739999999999995,0.004444444444445139,0.5999999999999943
259,0.09242325569788615,0.6019577813483775,3.2555555569118866,16.060000000000002,0.006666666666660603,1.019999999999996
260,0.09550145042207506,0.5271428188145161,3.360000002712667,13.900000000000006,0.006666666666660603,0.519999999999996
261,0.09458838824762239,0.5353837968826294,3.4000000013563323,13.879999999999995,0.006666666666660603,0.7600000000000051
262,0.08925516871876187,0.5314263933181763,3.1888888916015645,14.680000000000007,0.011111111111105743,0.5999999999999943
263,0.0886156682809194,0.5451171079099179,3.1266666748046816,14.739999999999995,0.004444444444445139,0.6800000000000068
264,0.09113080886801084,0.5402123439192772,3.213333340115014,14.599999999999994,0.008888888888890278,0.6800000000000068
265,0.09137989983823565,0.5483742921702563,3.2311111138237862,14.280000000000001,0.004444444444445139,0.6599999999999966
266,0.08909611084063848,0.5786452999758535,3.1577777791341077,14.36,0.011111111111105743,0.6800000000000068
267,0.0897789199617174,0.49987307759299876,3.155555563693582,13.180000000000007,0.006666666666660603,0.8199999999999932
268,0.08990765175289578,0.543690736327786,3.2044444458007746,13.819999999999993,0.002222222222215464,0.6599999999999966
269,0.08649510163466136,0.5705312588481233,3.0555555636935736,14.659999999999997,0.006666666666660603,0.8400000000000034
270,0.08802830641269684,0.5241390209913254,3.1622222249348937,14.120000000000005,0.002222222222215464,0.4200000000000017
271,0.08653053000768025,0.5621063883185387,3.0266666748046873,14.739999999999995,0.0,0.5799999999999983
272,0.08352919932653506,0.5309053680121899,2.9777777777777743,13.86,0.004444444444445139,0.7800000000000011
273,0.08335325918859905,0.5189331859469414,2.962222224934891,13.36,0.0,0.6800000000000068
274,0.08224833279715645,0.5255576268494129,2.920000008138018,14.040000000000006,0.002222222222215464,0.6599999999999966
275,0.08440584929519229,0.5258122597455979,3.0066666748046913,13.700000000000003,0.002222222222215464,0.5600000000000023
276,0.08257313034799364,0.5509260596387088,2.9244444512261225,14.079999999999998,0.004444444444445139,0.7600000000000051
277,0.08006975237528483,0.5703664078831673,2.8466666693793456,14.319999999999993,0.004444444444445139,0.7199999999999989
278,0.08283900932603412,0.5217285620383918,3.0466666680230077,13.420000000000002,0.004444444444445139,0.6400000000000006
279,0.08059256356027392,0.5272099964082241,2.9600000081380244,14.14,0.004444444444445139,0.519999999999996
280,0.07807837896611955,0.5195902898006142,2.7888888902452322,13.200000000000003,0.002222222222215464,0.6400000000000006
281,0.08328318821191788,0.5190306489348412,2.9911111124674505,13.64,0.002222222222215464,0.5400000000000063
282,0.07701153861284256,0.5327544479906559,2.6844444458007786,13.239999999999995,0.006666666666660603,0.7199999999999989
283,0.0793727913485633,0.548109978967905,2.895555563693577,13.680000000000007,0.002222222222215464,0.5600000000000023
284,0.07960529921187295,0.5370942458465695,2.800000001356338,13.980000000000004,0.0,0.5799999999999983
285,0.07989162263737784,0.5169401544213295,2.8444444444444485,13.700000000000003,0.006666666666660603,0.5999999999999943
286,0.0735180255651474,0.5484783776760102,2.568888897026909,13.799999999999997,0.002222222222215464,0.6200000000000045
287,0.0769088390459617,0.5458667629480362,2.677777777777777,14.200000000000003,0.004444444444445139,0.6200000000000045
288,0.07769128987524244,0.5530035052776336,2.748888890245226,14.480000000000004,0.006666666666660603,0.6200000000000045
289,0.07574968754185571,0.5269456363201142,2.6555555569118923,13.780000000000001,0.004444444444445139,0.5999999999999943
290,0.07386158584488763,0.523391067942977,2.5644444539388047,14.0,0.002222222222215464,0.7000000000000028
291,0.07576799133618672,0.5137891887426377,2.706666669379345,13.159999999999997,0.002222222222215464,0.7199999999999989
292,0.07162514676600695,0.5320440548665821,2.5288888888888863,13.799999999999997,0.004444444444445139,0.45999999999999375
293,0.07358710290458467,0.5486435007095337,2.595555558268231,13.939999999999998,0.006666666666660603,0.6200000000000045
294,0.07454716244538626,0.5159646276019514,2.588888891601556,12.959999999999994,0.004444444444445139,0.7000000000000028
295,0.07374705538021194,0.5585940832689404,2.6333333401150156,14.0,0.004444444444445139,0.7199999999999989
296,0.07114714177913135,0.5490306854307652,2.477777784559464,14.239999999999995,0.0,0.7000000000000028
297,0.06803375617497497,0.5435191068004817,2.422222229003907,13.959999999999994,0.0,0.5
298,0.0712858362701204,0.5278113203331828,2.5088888970269068,13.459999999999994,0.0,0.5999999999999943
299,0.06975928209688928,0.5605065535128116,2.453333340115023,14.079999999999998,0.0,0.7199999999999989
300,0.06971425445079804,0.5694644511461258,2.4866666734483545,14.36,0.004444444444445139,0.7600000000000051
301,0.06828831326431699,0.5475903970360756,2.368888891601557,13.620000000000005,0.004444444444445139,0.5799999999999983
302,0.06910831509961023,0.5274043025493622,2.446666674804689,13.400000000000006,0.006666666666660603,0.7800000000000011
303,0.06655048638317321,0.5627509761802852,2.320000006781683,14.180000000000007,0.004444444444445139,0.7199999999999989
304,0.06292734891441133,0.5476237619414925,2.233333340115024,13.760000000000005,0.004444444444445139,0.8599999999999994
305,0.06437209073834949,0.5378731208860874,2.2555555623372356,13.560000000000002,0.0,0.4000000000000057
306,0.06657816240522596,0.5280729446172714,2.420000008138018,13.180000000000007,0.006666666666660603,0.7000000000000028
307,0.06377169768015543,0.5669783497452736,2.2377777872721367,14.159999999999997,0.0,0.5999999999999943
308,0.06526519132322735,0.564776011389494,2.2911111192491376,13.780000000000001,0.002222222222215464,0.6400000000000006
309,0.06293681581815083,0.5435059426594525,2.268888897026912,14.260000000000005,0.002222222222215464,0.5999999999999943
310,0.06155790342092514,0.5861778729051351,2.2355555636935804,13.879999999999995,0.002222222222215464,0.5600000000000023
311,0.05902315667867661,0.5370896253022365,2.1355555569118962,13.099999999999994,0.004444444444445139,0.7199999999999989
312,0.060794197939501866,0.543963532776665,2.166666668022998,13.439999999999998,0.004444444444445139,0.519999999999996
313,0.06159568365679847,0.5487453721478116,2.064444451226123,13.5,0.0,0.6599999999999966
314,0.059402669095993045,0.579560176053457,2.091111112467445,13.780000000000001,0.0,0.8199999999999932
315,0.06262016219960319,0.5327608806831297,2.2577777777777754,13.760000000000005,0.002222222222215464,0.4200000000000017
316,0.05971362546284994,0.526043926807493,2.1444444512261214,13.64,0.002222222222215464,0.7399999999999949
317,0.06292405825191073,0.5388004705429077,2.2111111124674494,13.299999999999997,0.002222222222215464,0.6200000000000045
318,0.05606162522368961,0.5501842209458351,1.9755555636935753,13.459999999999994,0.002222222222215464,0.6200000000000045
319,0.057499399987856546,0.5545495630342513,2.0111111138237874,13.319999999999993,0.0,0.7199999999999989
320,0.05745124605761634,0.5522476546399295,2.0022222235785563,13.420000000000002,0.002222222222215464,0.7199999999999989
321,0.05612351843516032,0.5417205731600523,1.9800000013563306,13.340000000000003,0.0,0.519999999999996
322,0.0542530898200141,0.5630716356813907,1.8422222235785597,13.459999999999994,0.002222222222215464,0.5400000000000063
323,0.057448061357604135,0.5531107372156344,1.966666674804685,13.5,0.004444444444445139,0.6599999999999966
324,0.05621497163110309,0.5750197351336479,1.9044444525824673,13.700000000000003,0.002222222222215464,0.7399999999999949
325,0.05662169770532184,0.5495002048492431,1.946666674804689,13.86,0.0,0.7800000000000011
326,0.05431541647116343,0.5568755599536002,1.891111112467442,13.599999999999994,0.002222222222215464,0.6599999999999966
327,0.053959544898404016,0.5505574260903057,1.8222222235785637,13.340000000000003,0.002222222222215464,0.5799999999999983
328,0.05219286802477307,0.5696468153238297,1.8755555569118911,13.14,0.0,0.6200000000000045
329,0.053454912098911074,0.5480070246356074,1.846666673448354,13.340000000000003,0.0,0.6800000000000068
330,0.05263044239150153,0.5608789127261378,1.8666666748046907,13.239999999999995,0.002222222222215464,0.7000000000000028
331,0.052243100663026176,0.5530290254845284,1.844444452582465,13.780000000000001,0.0,0.5600000000000023
332,0.050528361369503866,0.5386184943784028,1.788888897026908,13.079999999999998,0.002222222222215464,0.6400000000000006
333,0.05099552240636614,0.5334990589097143,1.7933333346896632,13.159999999999997,0.0,0.7399999999999949
334,0.04664984409676658,0.564373256033659,1.6022222235785648,13.579999999999998,0.002222222222215464,0.5400000000000063
335,0.049649278422196706,0.5931548083492089,1.7888888902452322,14.180000000000007,0.0,0.7600000000000051
336,0.05035534790555636,0.5817717404603958,1.7311111111111046,13.260000000000005,0.002222222222215464,0.6200000000000045
337,0.05292583511537976,0.5549340023547411,1.784444451226122,13.219999999999999,0.006666666666660603,0.6200000000000045
338,0.05032538251611922,0.559098305971548,1.6888888956705728,13.340000000000003,0.004444444444445139,0.5799999999999983
339,0.05085139802296956,0.5537629897503182,1.7955555569118928,13.260000000000005,0.0,0.5600000000000023
340,0.04779111362124483,0.5767819836497307,1.7511111111111148,13.719999999999999,0.0,0.7999999999999972
341,0.047396717903349136,0.5526374274406582,1.6800000081380233,13.060000000000002,0.0,0.6599999999999966
342,0.047055898605452645,0.5576829243063927,1.6622222303602427,13.560000000000002,0.0,0.7000000000000028
343,0.044349629258447223,0.5655083377838135,1.513333340115011,13.200000000000003,0.0,0.6599999999999966
344,0.04933759009838104,0.5449854521119967,1.74444444444444,13.219999999999999,0.0,0.6400000000000006
345,0.04820625441736645,0.5763388042181731,1.6644444512261316,13.519999999999996,0.0,0.7600000000000051
346,0.04508899597591824,0.5428174088457017,1.6311111178928002,13.379999999999995,0.0,0.5799999999999983
347,0.04424499958025085,0.5614539600193501,1.5533333401150173,12.879999999999995,0.004444444444445139,0.7999999999999972
348,0.04341998943156666,0.5509194789309054,1.5688888956705682,13.319999999999993,0.002222222222215464,0.5799999999999983
349,0.04365964929130342,0.5612935312674381,1.5488888956705722,13.599999999999994,0.002222222222215464,0.519999999999996
350,0.043211855590674614,0.5694918565750122,1.4822222222222194,13.319999999999993,0.0,0.7999999999999972
351,0.045506538631518684,0.5505355634450912,1.5555555623372328,13.019999999999996,0.0,0.6200000000000045
352,0.0442408025695218,0.547237746334076,1.5311111178927916,12.780000000000001,0.0,0.5799999999999983
353,0.04160101641284095,0.567044283551519,1.493333340115015,13.319999999999993,0.002222222222215464,0.519999999999996
354,0.04087290159066518,0.5487124336868524,1.3955555623372362,12.900000000000006,0.002222222222215464,0.5
355,0.04175407486160596,0.5566591583553236,1.4711111178927894,13.480000000000004,0.0,0.5600000000000023
356,0.04001447567012575,0.5820402336606291,1.402222223578562,13.739999999999995,0.002222222222215464,0.6400000000000006
357,0.039836597791645265,0.5544333497494459,1.3688888888888897,12.879999999999995,0.0,0.4399999999999977
358,0.041560951601134405,0.5722226854383945,1.5022222290039053,13.14,0.004444444444445139,0.7199999999999989
359,0.040480757191446094,0.5546787008897401,1.371111117892795,12.599999999999994,0.0,0.5400000000000063
360,0.03757597058018049,0.5602861395865679,1.3688888956705796,12.819999999999993,0.0,0.5999999999999943
361,0.03764442516764005,0.5437941985666752,1.2622222222222206,12.560000000000002,0.002222222222215464,0.6400000000000006
362,0.03784506962829166,0.5994578408241272,1.2600000013563317,13.400000000000006,0.0,0.6800000000000068
363,0.03592011444701089,0.6009821081846952,1.2711111178928007,13.159999999999997,0.0,0.8400000000000034
364,0.03913541538582908,0.5855672614138573,1.3688888956705796,13.319999999999993,0.0,0.7399999999999949
365,0.039142307756344474,0.5694547477879096,1.3822222290039008,12.719999999999999,0.002222222222215464,0.480000000000004
366,0.03772882834805383,0.5668777065515518,1.2066666748046941,13.14,0.0,0.6200000000000045
367,0.037063512462377546,0.6025404929824173,1.293333341471353,13.5,0.0,0.7000000000000028
368,0.038282686338159774,0.546893106314214,1.3200000081380239,12.739999999999995,0.0,0.5999999999999943
369,0.03608178912334972,0.5696881407260895,1.268888895670571,12.799999999999997,0.0,0.45999999999999375
370,0.035084020082818135,0.5861321858057752,1.2022222290039082,13.0,0.0,0.8199999999999932
371,0.035981669578287336,0.587779490617523,1.2600000013563317,13.400000000000006,0.0,0.45999999999999375
372,0.03337951021989186,0.571925843558088,1.1377777804904525,13.239999999999995,0.0,0.6400000000000006
373,0.036142108359270626,0.5564208454098553,1.224444444444444,12.959999999999994,0.0,0.5600000000000023
374,0.03416154392030504,0.5595795515667648,1.1622222222222263,12.519999999999996,0.0,0.7800000000000011
375,0.03362276997284757,0.5712265912985894,1.137777777777771,13.060000000000002,0.002222222222215464,0.7000000000000028
376,0.03455111395981577,0.5473536575317383,1.2200000013563397,12.180000000000007,0.0,0.519999999999996
377,0.033562433444460235,0.5574439314352115,1.1155555555555594,12.579999999999998,0.0,0.7600000000000051
378,0.03268823172185156,0.5718718871831894,1.1200000000000045,13.060000000000002,0.0,0.6800000000000068
379,0.033802357851134404,0.5500157124549151,1.1444444444444457,12.260000000000005,0.0,0.6800000000000068
380,0.033370064540041815,0.5778980085631833,1.1733333401150219,12.980000000000004,0.0,0.45999999999999375
381,0.03391512252555953,0.5660341527429875,1.1888888902452237,12.579999999999998,0.004444444444445139,0.6400000000000006
382,0.03235788341032134,0.5721235941838473,1.162222229003902,12.86,0.0,0.8199999999999932
383,0.031045109630624453,0.6040910580956377,1.0977777845594687,12.819999999999993,0.0,0.8199999999999932
384,0.032525749644968245,0.571819180523511,1.1066666666666691,12.939999999999998,0.002222222222215464,0.6599999999999966
385,0.03032238800558779,0.5609439287796617,1.0,12.620000000000005,0.0,0.7399999999999949
386,0.03062460309598181,0.5748530738154426,1.060000006781678,12.439999999999998,0.0,0.6400000000000006
387,0.028595411785774762,0.5506595458180643,0.9644444444444389,12.5,0.0,0.6200000000000045
388,0.030859564440780217,0.5856071398962085,1.0977777845594687,12.700000000000003,0.0,0.7199999999999989
389,0.029411819206674895,0.5918912506103515,0.9933333401150151,13.319999999999993,0.0,0.7399999999999949
390,0.03045054315858417,0.58041124150455,1.0711111124674488,13.219999999999999,0.0,0.5799999999999983
391,0.03172198090387715,0.5621087888598442,1.0666666734483528,12.420000000000002,0.0,0.6800000000000068
392,0.02793796926157342,0.5524621531276033,0.9666666666666686,12.379999999999995,0.0,0.5600000000000023
393,0.03153505415585306,0.5998022899197415,1.0888888956705784,12.86,0.0,0.7399999999999949
394,0.02961680194205708,0.5444666409511119,1.008888895670566,12.219999999999999,0.0,0.4399999999999977
395,0.028927352287371953,0.5684500616086647,1.0000000067816899,13.079999999999998,0.0,0.6200000000000045
396,0.02720891021821234,0.5457327940702439,0.8911111192491319,12.439999999999998,0.0,0.6800000000000068
397,0.026501819728480445,0.5591637341441353,0.8955555569118872,12.540000000000006,0.0,0.519999999999996
398,0.027269027348690564,0.567227119822381,0.8933333333333309,12.719999999999999,0.0,0.5
399,0.02682094402346346,0.5632261197835207,0.9088888956705716,12.379999999999995,0.0,0.5400000000000063
400,0.02666511691543791,0.5815946676056366,0.9111111178928013,12.519999999999996,0.0,0.6200000000000045
401,0.026620610355006322,0.5407345987938694,0.8888888956705756,12.219999999999999,0.0,0.5999999999999943
402,0.028477437120344905,0.5570016022531782,0.9933333333333394,12.700000000000003,0.0,0.519999999999996
403,0.02750720575849215,0.59160547362566,0.9266666734483522,13.14,0.0,0.6800000000000068
404,0.02552857591410478,0.5709875469572843,0.8644444444444446,12.680000000000007,0.0,0.6599999999999966
405,0.026642982932925226,0.5760330174922943,0.9044444444444508,12.420000000000002,0.0,0.6400000000000006
406,0.02358192419310411,0.5936387441933155,0.728888895670579,12.879999999999995,0.0,0.8199999999999932
407,0.02453456680344211,0.5791042896590778,0.8133333333333326,12.659999999999997,0.0,0.5799999999999983
408,0.026018775990605356,0.574796612072736,0.9377777791341089,13.200000000000003,0.0,0.7000000000000028
409,0.025995824033021926,0.5650747546621132,0.8800000067816853,12.459999999999994,0.0,0.7000000000000028
410,0.02370949907567766,0.5761559156775474,0.7711111111111109,12.719999999999999,0.0,0.519999999999996
411,0.022860276285807293,0.5861057641983032,0.7622222235785614,12.36,0.0,0.8199999999999932
412,0.02414608514867723,0.5812937484771014,0.8311111111111131,12.420000000000002,0.002222222222215464,0.5600000000000023
413,0.02355918048719565,0.5697546549319755,0.7711111111111109,13.239999999999995,0.0,0.5799999999999983
414,0.024322862011318405,0.5870115462198854,0.8177777777777777,12.659999999999997,0.0,0.5
415,0.0236106365594599,0.5940117858588696,0.8044444512261322,12.64,0.0,0.6400000000000006
416,0.023406079399792685,0.5763057626247406,0.8133333333333326,12.780000000000001,0.0,0.6200000000000045
417,0.0214382734508978,0.5757727807261049,0.6955555623372334,12.700000000000003,0.0,0.7199999999999989
418,0.022357225080331167,0.574018791211769,0.748888895670575,12.620000000000005,0.0,0.6200000000000045
419,0.02236053117480543,0.5587206231430173,0.8111111111111171,12.260000000000005,0.0,0.6200000000000045
420,0.020024574867553182,0.5848375855771825,0.7177777845594591,12.219999999999999,0.0,0.5600000000000023
421,0.02258571615550253,0.5771250809852034,0.7688888970269119,12.36,0.0,0.6400000000000006
422,0.022834327509171432,0.5937316673741996,0.7822222222222166,12.599999999999994,0.0,0.7600000000000051
423,0.02179788676533434,0.5884788652017713,0.7377777791341202,12.579999999999998,0.0,0.6200000000000045
424,0.021616489236056805,0.5878201028571522,0.724444444444444,12.86,0.0,0.7800000000000011
425,0.021491068853603468,0.5802005515217781,0.7111111178927985,12.239999999999995,0.0,0.6800000000000068
426,0.019937555675705276,0.5872662214484299,0.6800000067816825,12.680000000000007,0.0,0.6400000000000006
427,0.021993080436272752,0.5736026393434498,0.7422222222222246,12.540000000000006,0.002222222222215464,0.6400000000000006
428,0.020984720630902384,0.5920983468234539,0.7288888888888891,12.439999999999998,0.0,0.6800000000000068
429,0.019644332778453826,0.6083192233296111,0.6555555555555515,12.920000000000002,0.0,0.6800000000000068
430,0.0211441050560938,0.5670627452611923,0.7311111111111046,12.420000000000002,0.0,0.6200000000000045
431,0.02075165244705147,0.577639685971383,0.6844444444444377,12.060000000000002,0.0,0.6400000000000006
432,0.018501375529170035,0.590435626421019,0.62222222222222,12.680000000000007,0.0,0.6800000000000068
433,0.01986529281636079,0.5636243319184053,0.6733333346896728,12.299999999999997,0.0,0.7399999999999949
434,0.018604832329518265,0.5762896249490266,0.6244444444444497,12.939999999999998,0.0,0.6200000000000045
435,0.019721431454022727,0.5675917404294014,0.646666668023002,12.079999999999998,0.0,0.6800000000000068
436,0.02014309599896272,0.6014037146627903,0.6688888888888869,13.040000000000006,0.0,0.6200000000000045
437,0.01977150770632757,0.610976097457856,0.6444444444444457,12.86,0.0,0.7999999999999972
438,0.01676553127053711,0.5817451433695853,0.5888888956705784,12.760000000000005,0.0,0.6800000000000068
439,0.018378691305385695,0.5787891293785069,0.6466666666666612,12.260000000000005,0.0,0.5999999999999943
440,0.01907154431392749,0.5746732147276401,0.653333333333336,12.219999999999999,0.0,0.5799999999999983
441,0.01911645102964507,0.5680901358604431,0.6044444512261293,11.719999999999999,0.0,0.6599999999999966
442,0.01875726603815953,0.5845317261695862,0.6200000000000045,12.379999999999995,0.0,0.6200000000000045
443,0.017781985787550608,0.5957642145336606,0.5800000013563391,12.480000000000004,0.0,0.7199999999999989
444,0.017928765900019142,0.6092559339046478,0.6066666666666691,12.680000000000007,0.002222222222215464,0.6800000000000068
445,0.017660289913540086,0.5826956141471863,0.6355555555555554,12.159999999999997,0.0,0.7000000000000028
446,0.0176447894235452,0.5660046315897954,0.6066666734483448,12.180000000000007,0.0,0.7000000000000028
447,0.01792639248892665,0.5811035627931357,0.6066666734483448,12.36,0.0,0.6400000000000006
448,0.017725595721064344,0.5645925994396209,0.5466666666666669,12.560000000000002,0.0,0.5999999999999943
449,0.018140482311199108,0.5609990435468964,0.591111111111104,12.299999999999997,0.0,0.7399999999999949
450,0.017406324188825158,0.5862502756336937,0.5755555555555532,12.14,0.0,0.7600000000000051
451,0.017158690990507604,0.5654050250265689,0.5688888888888926,11.959999999999994,0.002222222222215464,0.5799999999999983
452,0.018722946716679467,0.5963134022422135,0.6288888956705705,12.340000000000003,0.0,0.6400000000000006
453,0.01747425133254793,0.6300199691624381,0.5688888888888926,13.219999999999999,0.0,0.6200000000000045
454,0.016856083129843075,0.5816146196961403,0.5733333333333377,12.760000000000005,0.0,0.7800000000000011
455,0.017525255994995437,0.5580520637363195,0.5333333401150213,12.519999999999996,0.0,0.6599999999999966
456,0.017959142609768445,0.5886621095471084,0.595555562337239,13.159999999999997,0.0,0.519999999999996
457,0.016264089427391687,0.5864560105204583,0.5111111178927956,12.319999999999993,0.002222222222215464,0.7399999999999949
458,0.01630091638730632,0.5573068124085665,0.524444451226131,11.959999999999994,0.0,0.5
459,0.017260500650604565,0.5943168700478971,0.5644444512261231,12.620000000000005,0.0,0.45999999999999375
460,0.015989609640505578,0.5984813888818026,0.5177777845594562,13.120000000000005,0.0,0.6200000000000045
461,0.016533057615160943,0.6047233482301235,0.551111111111112,12.780000000000001,0.0,0.6400000000000006
462,0.016805694170130624,0.5789737955525518,0.5422222235785625,12.159999999999997,0.0,0.6400000000000006
463,0.015923725785811742,0.5875735317856073,0.5422222290039116,12.319999999999993,0.0,0.5600000000000023
464,0.016817825567060046,0.5812808285921812,0.5844444525824599,12.519999999999996,0.0,0.7399999999999949
465,0.01546526680621836,0.5877722461938858,0.5377777845594665,12.260000000000005,0.0,0.6400000000000006
466,0.017021865777091846,0.5901369287014008,0.5688888888888926,12.299999999999997,0.0,0.7800000000000011
467,0.0160184768156045,0.5698965956425295,0.5333333333333314,12.14,0.0,0.6200000000000045
468,0.016852914302216637,0.5928140661239624,0.5266666734483465,12.540000000000006,0.0,0.6800000000000068
469,0.015709461440477107,0.5940354161610303,0.49777777913411114,12.64,0.0,0.5999999999999943
470,0.016791484147972532,0.58061320293342,0.5688888902452192,12.260000000000005,0.0,0.7000000000000028
471,0.016316882527867952,0.5902024728287011,0.5266666680229974,11.980000000000004,0.002222222222215464,0.5600000000000023
472,0.01506610975364844,0.5842584479760786,0.45777778455946816,12.180000000000007,0.0,0.7800000000000011
473,0.01590192494690418,0.6072273931084666,0.5133333401150111,13.099999999999994,0.0,0.5600000000000023
474,0.01737810046325127,0.5904000782204035,0.5711111124674488,12.819999999999993,0.0,0.6400000000000006
475,0.014179004835089049,0.5833495926849311,0.48222222222221944,12.299999999999997,0.0,0.7000000000000028
476,0.014747307700084315,0.6270743995854166,0.4866666680230054,13.099999999999994,0.0,0.6800000000000068
477,0.015283823960026106,0.5715266752377153,0.5111111178927956,12.299999999999997,0.0,0.5
478,0.014427713369164203,0.5810153574699827,0.4644444444444389,12.219999999999999,0.0,0.5799999999999983
479,0.014451497256755829,0.5837629092425108,0.46666666666666856,12.14,0.0,0.4399999999999977
480,0.014616377089979747,0.5721418697001878,0.4933333333333394,12.64,0.0,0.6200000000000045
481,0.015886122836296757,0.5641859350175596,0.5244444444444412,12.239999999999995,0.002222222222215464,0.519999999999996
482,0.015807812737094033,0.5845505417247768,0.5333333346896723,12.900000000000006,0.0,0.5400000000000063
483,0.0151809663956364,0.5776327970564366,0.49777777777778454,12.280000000000001,0.0,0.5799999999999983
484,0.014768000311321682,0.5782125567174168,0.4777777777777743,12.340000000000003,0.0,0.7199999999999989
485,0.015286924935918714,0.6026754310660996,0.4911111111111097,12.980000000000004,0.0,0.6599999999999966
486,0.015305545152061515,0.5850879490554333,0.4977777845594602,12.36,0.002222222222215464,0.7399999999999949
487,0.016180874592728087,0.5532776635169983,0.5466666734483567,11.900000000000006,0.0,0.6599999999999966
488,0.01483259057700634,0.5759393129657722,0.45777778455946816,12.120000000000005,0.0,0.6599999999999966
489,0.013844842930345071,0.5862611920248717,0.4622222222222234,13.120000000000005,0.0,0.5400000000000063
490,0.01377540763715903,0.5942750123050063,0.4333333401150128,12.459999999999994,0.0,0.6599999999999966
491,0.014303405838542515,0.5490604684833903,0.44666666937933996,12.200000000000003,0.0,0.6200000000000045
492,0.014070865013595257,0.5823395198682323,0.4399999999999977,12.36,0.002222222222215464,0.6400000000000006
493,0.014477631741099888,0.5976036834945903,0.4644444444444389,12.480000000000004,0.0,0.7800000000000011
494,0.013919671746136413,0.5959776940161595,0.44444444444444287,12.939999999999998,0.0,0.5999999999999943
495,0.014811706294533279,0.5343272096604574,0.49555555555555486,11.379999999999995,0.0,0.519999999999996
496,0.01532017446483175,0.5920553824009374,0.49333334011501506,12.680000000000007,0.0,0.6400000000000006
497,0.015102335749566554,0.5540737506866455,0.4933333333333394,12.219999999999999,0.0,0.5600000000000023
498,0.014707694416596659,0.578311281793483,0.49555555555555486,12.540000000000006,0.0,0.6200000000000045
499,0.015507977235648366,0.5486767485007644,0.46666667616102586,11.760000000000005,0.0,0.4399999999999977
500,0.013962525795317359,0.5816417190070817,0.42888889567056765,12.019999999999996,0.002222222222215464,0.5
